2023-04-19 00:13:36,[情報] 112/04/18 八大公股銀行買賣超排行
2023-04-19 00:13:36,[標的] 楠梓電2316未反應多
2023-04-19 00:13:36,[新聞] 台股首季漲逾1700點 大戶未歸隊 散戶回籠
2023-04-19 00:13:36,(本文已被刪除) [DDDDRR]
2023-04-19 00:13:36,[情報] 6177達麗 股利現金1 +股票0.5
2023-04-19 00:13:36,Re: [心得] 凱基詐騙分享
2023-04-19 00:13:36,"[新聞] 1945年來首見 分析師估經濟衰退,股市照漲"
2023-04-19 00:13:36,[新聞] 冒名吳淡如開投資群組　淡水女被詐140萬
2023-04-19 00:13:36,(已被laptic刪除) <thugf> 4-2-1
2023-04-19 00:13:36,[情報] 112年04月18日信用交易統計
2023-04-19 00:13:36,[請益] 如何合理預期股價漲跌能到多少？
2023-04-19 00:13:36,[標的] 4546 長亨 多
2023-04-19 00:13:36,[情報] 0418 上市櫃外資投信買超金額排行
2023-04-19 00:13:36,[標的] 美國短期公債 US
2023-04-19 00:13:36,[新聞] 微軟正在研發自己的AI晶片
2023-04-19 00:13:36,[新聞] 德國再下重手 擬剔除補助中資半導體
2023-04-19 00:13:36,[情報] 0418 上市櫃外資投信同買排行
2023-04-19 00:13:36,[新聞] 外資提案爭股利 可成未列入股東會議案
2023-04-19 00:13:36,Re: [新聞] 〈陸港盤後〉 中國上季GDP成長率加速至4
2023-04-19 00:13:36,[公告] 股票板板規 v4.2 (2023/04/05 修正)
2023-04-19 00:13:36,[公告] 板規修訂討論 (4.3 版本) (第二版)
2023-04-19 00:13:36,[公告] Stock 板主徵選 (2023/01) (0412 調整)
2023-04-19 00:13:36,[閒聊] 2023/04/18 盤後閒聊
